Nombre,Escuela Profesional,Facultad,"Área de
  Conocimiento",Especializaciones,Estado,Fecha Creación
Inteligencia Artificial y Machine Learning,"Ingeniería de
  Sistemas",Ingeniería,Tecnologías de la Información,"Machine
  Learning, Deep Learning, Computer Vision, Natural Language
  Processing",Activa,2024-01-15
Desarrollo de Software y Aplicaciones Web,"Ingeniería de
  Software",Ingeniería,Desarrollo de Software,"React, Node.js,
  Python, Django, DevOps, Microservicios",Activa,2024-01-20
Robótica y Automatización Industrial,"Ingeniería
  Mecatrónica",Ingeniería,Automatización y Control,"Robótica
  Industrial, IoT, Sensores, Actuadores, PLC",Activa,2024-02-01
Ciberseguridad y Ethical Hacking,"Ingeniería de
  Sistemas",Ingeniería,Seguridad Informática,"Pentesting,
  Análisis de Vulnerabilidades, Criptografía, Forense
  Digital",Activa,2024-02-10
Análisis de Datos y Business Intelligence,"Ingeniería
  Industrial",Ingeniería,Ciencia de Datos,"Power BI, Tableau,
  SQL, Python, R, Data Mining",Activa,2024-02-15
Biotecnología y Ingeniería Genética,"Ingeniería
  Biotecnológica",Ciencias,Biotecnología,"CRISPR,
  Bioinformática, Genómica, Proteómica,
  Metabolómica",Activa,2024-03-01
Energías Renovables y Sostenibilidad,"Ingeniería
  Ambiental",Ingeniería,Energía y Medio Ambiente,"Solar,
  Eólica, Hidroeléctrica, Biomasa, Eficiencia
  Energética",Activa,2024-03-05
Realidad Virtual y Aumentada,"Ingeniería
  Multimedia",Ingeniería,Tecnologías Inmersivas,"Unity, Unreal
  Engine, ARCore, ARKit, WebXR, 3D Modeling",Activa,2024-03-10
Blockchain y Criptomonedas,"Ingeniería de
  Sistemas",Ingeniería,Tecnologías Emergentes,"Smart Contracts,
   DeFi, NFT, Ethereum, Solidity, Web3",Activa,2024-03-15
Telemedicina y Salud Digital,Ingeniería Biomédica,"Ciencias
  de la Salud",Tecnología Médica,"HealthTech, Dispositivos
  Médicos, Telemedicina, AI en Salud",Activa,2024-03-20
Agricultura de Precisión,Ingeniería Agrícola,"Ciencias
  Agrarias",Agricultura Tecnológica,"Drones, GPS, Sensores, IoT
  Agrícola, Machine Learning Agrícola",Inactiva,2024-04-01
Nanotecnología Aplicada,"Ingeniería de
  Materiales",Ingeniería,"Ciencias de
  Materiales","Nanomateriales, Nanoelectrónica, Nanomedicina,
  Caracterización",Activa,2024-04-05
Computación Cuántica,Física Aplicada,Ciencias,"Física
  Computacional","Qubits, Algoritmos Cuánticos, IBM Qiskit, Google
  Cirq",Activa,2024-04-10
"Psicología Digital y
  UX/UI",Psicología,Humanidades,"Interacción
  Humano-Computadora","Design Thinking, User Research, Figma,
  Usability Testing, Accesibilidad",Activa,2024-04-15
Marketing Digital y E-commerce,Administración,"Ciencias
  Empresariales",Marketing Digital,"SEO, SEM, Social Media,
  Google Analytics, E-commerce, CRM",Activa,2024-04-20
